,wpm,accuracy
0,39.21481038432939,1.0
1,39.906222598005186,1.0
2,26.06770496011763,0.7857142857142857
3,26.326366034745774,1.0
